type,forecast_category,stage,current_quarter,next_quarter
All,Commit,3-Solution,0.60,0.50
All,Commit,4-Proposal,0.74,0.60
All,Commit,5-Negotiation,0.86,0.72
All,Best Case,2-Qualified,0.20,0.16
All,Best Case,3-Solution,0.34,0.27
All,Best Case,4-Proposal,0.46,0.37
All,Best Case,5-Negotiation,0.60,0.50
All,Pipeline,1-Discovery,0.04,0.03
All,Pipeline,2-Qualified,0.09,0.07
All,Pipeline,3-Solution,0.16,0.12
All,Pipeline,4-Proposal,0.26,0.20
Renewal,Commit,Any,0.97,0.95
Renewal,Best Case,Any,0.88,0.85
Renewal,Pipeline,Any,0.70,0.65
