deal_id,account,type,region,owner,close_quarter,amount_k,stage,forecast_category,days_in_stage,close_date_pushes,source,ai_risk_note
D-1036,Stonebridge MSP,Expansion,NA East,J. Ortiz,Q4 FY26,565,3-Solution,Pipeline,42,0,Marketing,
D-1038,Bayview Systems,Expansion,NA East,J. Ortiz,Q4 FY26,565,5-Negotiation,Commit,63,0,Marketing,
D-1023,Sterling Rock IT,Expansion,EMEA,S. Byrne,Q4 FY26,475,4-Proposal,Commit,14,0,Sales,
D-1024,Brightpath Solutions,Expansion,NA West,K. Lewis,Q4 FY26,470,5-Negotiation,Commit,63,1,Sales,
D-1037,Riverbend IT,Expansion,NA West,K. Lewis,Q4 FY26,415,5-Negotiation,Commit,35,1,Sales,
D-1034,Sterling Rock IT,Expansion,NA East,M. Chen,Q4 FY26,385,4-Proposal,Commit,55,0,Sales,
D-1035,Redrock IT Partners,Expansion,NA West,R. Patel,Q4 FY26,380,4-Proposal,Best Case,8,0,Sales,Champion left the company per the Sept 18 call; new contact not yet engaged.
D-1028,Driftwood Networks,Expansion,EMEA,A. Novak,Q4 FY26,375,4-Proposal,Commit,21,1,Marketing,
D-1026,Nordic Edge Distribution,Expansion,NA West,K. Lewis,Q4 FY26,325,5-Negotiation,Best Case,35,0,Partner,Pilot results not shared yet; technical win not confirmed.
D-1030,Albion IT Services,Expansion,NA West,K. Lewis,Q4 FY26,315,3-Solution,Best Case,8,2,Sales,
D-1033,Albion IT Services,Expansion,NA East,M. Chen,Q4 FY26,295,5-Negotiation,Commit,21,1,Sales,
D-1032,Thames Valley MSP,Expansion,EMEA,S. Byrne,Q4 FY26,270,3-Solution,Best Case,42,2,Sales,
D-1031,Bluewater MSP,Expansion,NA West,K. Lewis,Q4 FY26,265,5-Negotiation,Best Case,96,1,Marketing,
D-1106,Bayview Systems,Expansion,EMEA,—,Q4 FY26,240,Closed Won,Closed,0,0,Partner,
D-1025,Harborline Tech,Expansion,NA West,K. Lewis,Q4 FY26,235,4-Proposal,Commit,120,0,Partner,
D-1027,Keystone Managed IT,Expansion,NA West,R. Patel,Q4 FY26,225,4-Proposal,Commit,96,1,Marketing,
D-1029,Westfield Tech Group,Expansion,NA East,M. Chen,Q4 FY26,195,4-Proposal,Best Case,96,1,Sales,
D-1107,Granite State IT,Expansion,NA West,—,Q4 FY26,95,Closed Won,Closed,0,0,Marketing,
D-1020,Riverbend IT,New,NA East,J. Ortiz,Q4 FY26,860,4-Proposal,Pipeline,8,2,Marketing,
D-1017,Granite State IT,New,Channel,D. Kim,Q4 FY26,855,4-Proposal,Commit,8,0,Marketing,
D-1011,Union Square IT,New,NA East,M. Chen,Q4 FY26,820,4-Proposal,Commit,8,1,Partner,
D-1007,Summit Ridge Networks,New,NA East,M. Chen,Q4 FY26,785,4-Proposal,Commit,55,1,Partner,
D-1004,Highland Networks,New,NA West,K. Lewis,Q4 FY26,780,3-Solution,Pipeline,78,0,Sales,
D-1022,Summit Ridge Networks,New,EMEA,S. Byrne,Q4 FY26,770,3-Solution,Best Case,78,1,Sales,Budget moved to next fiscal year per the partner's CFO email.
D-1010,Silverline MSP,New,NA East,M. Chen,Q4 FY26,755,4-Proposal,Commit,8,1,Sales,
D-1019,Harborline Tech,New,EMEA,A. Novak,Q4 FY26,715,4-Proposal,Best Case,120,0,Partner,
D-1014,Bluewater MSP,New,NA West,R. Patel,Q4 FY26,665,3-Solution,Pipeline,120,1,Sales,Competing with the incumbent EDR vendor on price; partner asked for a 20% discount.
D-1008,Bayview Systems,New,EMEA,A. Novak,Q4 FY26,645,4-Proposal,Commit,21,1,Sales,
D-1001,Keystone Managed IT,New,NA West,K. Lewis,Q4 FY26,635,2-Qualified,Pipeline,78,0,Marketing,
D-1002,Brightpath Solutions,New,Channel,D. Kim,Q4 FY26,615,2-Qualified,Pipeline,55,1,Sales,
D-1003,Bluewater MSP,New,EMEA,S. Byrne,Q4 FY26,585,4-Proposal,Commit,55,0,Partner,
D-1021,Granite State IT,New,NA West,K. Lewis,Q4 FY26,565,4-Proposal,Commit,55,1,Sales,
D-1012,Ironwood Systems,New,Channel,D. Kim,Q4 FY26,505,5-Negotiation,Commit,120,1,Marketing,
D-1013,Maple Grove IT,New,NA East,M. Chen,Q4 FY26,465,4-Proposal,Commit,21,1,Marketing,Security review not started; this account's procurement has taken about 45 days.
D-1005,Driftwood Networks,New,EMEA,A. Novak,Q4 FY26,455,4-Proposal,Pipeline,8,1,Sales,
D-1009,Nordic Edge Distribution,New,NA East,J. Ortiz,Q4 FY26,425,5-Negotiation,Best Case,8,0,Sales,
D-1105,Union Square IT,New,Channel,—,Q4 FY26,420,Closed Won,Closed,0,0,Marketing,
D-1015,Coastal Cyber Partners,New,NA East,M. Chen,Q4 FY26,370,4-Proposal,Commit,42,0,Sales,
D-1103,Pinecrest Technology,New,NA West,—,Q4 FY26,310,Closed Won,Closed,0,0,Partner,
D-1016,Union Square IT,New,NA East,J. Ortiz,Q4 FY26,200,4-Proposal,Commit,14,0,Marketing,
D-1104,Riverbend IT,New,Channel,—,Q4 FY26,185,Closed Won,Closed,0,0,Marketing,
D-1006,Sterling Rock IT,New,NA East,J. Ortiz,Q4 FY26,165,3-Solution,Best Case,78,0,Marketing,
D-1018,Albion IT Services,New,NA East,M. Chen,Q4 FY26,165,3-Solution,Best Case,35,0,Marketing,
D-1048,Copperleaf IT,Renewal,NA East,J. Ortiz,Q4 FY26,2020,3-Solution,Best Case,14,0,Partner,
D-1040,Meridian Managed Services,Renewal,Channel,D. Kim,Q4 FY26,2000,5-Negotiation,Commit,27,0,Partner,
D-1042,Riverbend IT,Renewal,NA East,M. Chen,Q4 FY26,1875,4-Proposal,Commit,42,0,Sales,
D-1039,Summit Ridge Networks,Renewal,NA East,J. Ortiz,Q4 FY26,1845,5-Negotiation,Commit,120,0,Sales,
D-1047,Riverbend IT,Renewal,NA West,R. Patel,Q4 FY26,1755,3-Solution,Best Case,120,0,Sales,
D-1108,Thames Valley MSP,Renewal,EMEA,—,Q4 FY26,1650,Closed Won,Closed,0,0,Sales,
D-1041,Fairhaven Technology,Renewal,NA West,R. Patel,Q4 FY26,1325,3-Solution,Best Case,21,2,Marketing,
D-1109,Silverline MSP,Renewal,Channel,—,Q4 FY26,980,Closed Won,Closed,0,0,Sales,
D-1045,Summit Ridge Networks,Renewal,NA East,J. Ortiz,Q4 FY26,950,4-Proposal,Commit,63,0,Marketing,
D-1044,Copperleaf IT,Renewal,EMEA,A. Novak,Q4 FY26,615,5-Negotiation,Commit,63,0,Sales,
D-1046,Summit Ridge Networks,Renewal,NA East,M. Chen,Q4 FY26,565,3-Solution,Best Case,55,0,Marketing,
D-1043,Oakridge Computing,Renewal,NA East,J. Ortiz,Q4 FY26,545,4-Proposal,Commit,42,0,Sales,
D-1056,Tallgrass Networks,Services,EMEA,S. Byrne,Q4 FY26,340,4-Proposal,Best Case,55,2,Sales,Legal redlines open on liability cap; no date for the next legal call.
D-1057,Oakridge Computing,Services,NA West,K. Lewis,Q4 FY26,285,2-Qualified,Pipeline,78,0,Sales,
D-1053,Coastal Cyber Partners,Services,NA West,K. Lewis,Q4 FY26,280,3-Solution,Best Case,35,1,Sales,
D-1051,Maple Grove IT,Services,NA West,R. Patel,Q4 FY26,265,3-Solution,Best Case,35,0,Partner,
D-1050,Sterling Rock IT,Services,NA East,J. Ortiz,Q4 FY26,215,4-Proposal,Commit,120,0,Sales,
D-1052,Evergreen Managed IT,Services,NA West,K. Lewis,Q4 FY26,175,3-Solution,Best Case,8,0,Sales,
D-1110,Keystone Managed IT,Services,NA West,—,Q4 FY26,120,Closed Won,Closed,0,0,Partner,
D-1054,Kestrel Data Systems,Services,NA West,K. Lewis,Q4 FY26,80,3-Solution,Best Case,96,0,Sales,
D-1055,Clearpath IT,Services,NA West,K. Lewis,Q4 FY26,80,3-Solution,Best Case,120,2,Sales,
D-1049,Brightpath Solutions,Services,NA East,M. Chen,Q4 FY26,45,3-Solution,Pipeline,21,2,Marketing,
D-1076,Larkspur Tech,Expansion,NA East,J. Ortiz,Q1 FY27,480,5-Negotiation,Best Case,42,1,Partner,
D-1082,Fairhaven Technology,Expansion,EMEA,A. Novak,Q1 FY27,445,4-Proposal,Pipeline,21,0,Marketing,
D-1084,Highland Networks,Expansion,EMEA,A. Novak,Q1 FY27,425,2-Qualified,Pipeline,120,0,Partner,Security review not started; this account's procurement has taken about 45 days.
D-1077,Riverbend IT,Expansion,NA West,K. Lewis,Q1 FY27,380,1-Discovery,Pipeline,120,0,Marketing,
D-1081,Cedar Point IT,Expansion,NA West,K. Lewis,Q1 FY27,375,5-Negotiation,Commit,14,0,Marketing,
D-1086,Granite State IT,Expansion,NA West,R. Patel,Q1 FY27,360,4-Proposal,Commit,96,2,Sales,
D-1087,Redrock IT Partners,Expansion,NA East,J. Ortiz,Q1 FY27,345,3-Solution,Best Case,55,2,Partner,
D-1080,Keystone Managed IT,Expansion,NA East,J. Ortiz,Q1 FY27,315,3-Solution,Best Case,8,2,Sales,Partner is merging with another MSP; signing authority unclear.
D-1079,Evergreen Managed IT,Expansion,NA East,M. Chen,Q1 FY27,290,2-Qualified,Pipeline,96,0,Partner,
D-1085,Bluewater MSP,Expansion,NA West,R. Patel,Q1 FY27,260,2-Qualified,Pipeline,120,2,Marketing,
D-1083,Maple Grove IT,Expansion,NA East,M. Chen,Q1 FY27,115,3-Solution,Pipeline,78,1,Sales,
D-1078,Granite State IT,Expansion,NA East,J. Ortiz,Q1 FY27,95,3-Solution,Pipeline,63,1,Partner,
D-1074,Highland Networks,New,EMEA,A. Novak,Q1 FY27,835,3-Solution,Pipeline,35,0,Sales,
D-1060,Westfield Tech Group,New,EMEA,A. Novak,Q1 FY27,770,3-Solution,Pipeline,35,2,Sales,Close date pushed twice; economic buyer not named in the last three calls.
D-1070,Granite State IT,New,NA West,K. Lewis,Q1 FY27,695,4-Proposal,Best Case,27,0,Sales,
D-1065,Cedar Point IT,New,NA West,R. Patel,Q1 FY27,650,2-Qualified,Pipeline,120,1,Sales,
D-1062,Cedar Point IT,New,NA West,R. Patel,Q1 FY27,630,3-Solution,Pipeline,27,0,Sales,
D-1072,Albion IT Services,New,NA East,J. Ortiz,Q1 FY27,610,3-Solution,Pipeline,55,2,Sales,
D-1075,Highland Networks,New,NA West,K. Lewis,Q1 FY27,545,4-Proposal,Best Case,42,0,Sales,
D-1064,Pinecrest Technology,New,EMEA,S. Byrne,Q1 FY27,535,4-Proposal,Pipeline,27,0,Sales,
D-1071,Nordic Edge Distribution,New,NA East,M. Chen,Q1 FY27,510,2-Qualified,Pipeline,27,2,Marketing,
D-1068,Sterling Rock IT,New,NA West,K. Lewis,Q1 FY27,480,5-Negotiation,Best Case,96,1,Sales,
D-1069,Keystone Managed IT,New,EMEA,A. Novak,Q1 FY27,410,2-Qualified,Pipeline,42,1,Sales,
D-1063,Sterling Rock IT,New,NA West,R. Patel,Q1 FY27,390,4-Proposal,Commit,78,1,Marketing,Champion left the company per the Sept 18 call; new contact not yet engaged.
D-1067,Harborline Tech,New,EMEA,A. Novak,Q1 FY27,305,4-Proposal,Pipeline,78,1,Partner,
D-1059,Bayview Systems,New,NA East,M. Chen,Q1 FY27,295,4-Proposal,Best Case,8,0,Sales,
D-1061,Pinecrest Technology,New,NA West,R. Patel,Q1 FY27,290,4-Proposal,Pipeline,27,1,Sales,
D-1073,Maple Grove IT,New,Channel,D. Kim,Q1 FY27,245,4-Proposal,Pipeline,42,0,Marketing,
D-1066,Bayview Systems,New,NA East,M. Chen,Q1 FY27,195,2-Qualified,Pipeline,27,1,Sales,
D-1058,Highland Networks,New,NA West,R. Patel,Q1 FY27,165,1-Discovery,Pipeline,78,1,Partner,
D-1094,Stonebridge MSP,Renewal,NA East,M. Chen,Q1 FY27,2060,4-Proposal,Best Case,120,0,Marketing,
D-1088,Stonebridge MSP,Renewal,NA West,K. Lewis,Q1 FY27,2055,5-Negotiation,Commit,42,1,Sales,
D-1096,Thames Valley MSP,Renewal,NA East,M. Chen,Q1 FY27,2035,5-Negotiation,Commit,55,0,Sales,
D-1093,Granite State IT,Renewal,NA East,J. Ortiz,Q1 FY27,1975,2-Qualified,Pipeline,78,1,Marketing,
D-1091,Brightpath Solutions,Renewal,NA West,K. Lewis,Q1 FY27,1775,4-Proposal,Best Case,63,1,Sales,
D-1089,Riverbend IT,Renewal,Channel,D. Kim,Q1 FY27,1490,3-Solution,Best Case,78,1,Marketing,
D-1092,Copperleaf IT,Renewal,NA West,K. Lewis,Q1 FY27,845,5-Negotiation,Commit,78,0,Sales,
D-1095,Oakridge Computing,Renewal,NA East,J. Ortiz,Q1 FY27,785,3-Solution,Best Case,96,0,Sales,
D-1090,Meridian Managed Services,Renewal,NA East,J. Ortiz,Q1 FY27,640,3-Solution,Best Case,55,0,Sales,
D-1097,Brightpath Solutions,Services,Channel,D. Kim,Q1 FY27,275,4-Proposal,Pipeline,63,2,Partner,Close date pushed twice; economic buyer not named in the last three calls.
D-1098,Kestrel Data Systems,Services,EMEA,S. Byrne,Q1 FY27,240,4-Proposal,Pipeline,96,1,Marketing,
D-1100,Albion IT Services,Services,EMEA,S. Byrne,Q1 FY27,180,3-Solution,Pipeline,63,0,Partner,
D-1102,Silverline MSP,Services,NA West,K. Lewis,Q1 FY27,160,4-Proposal,Best Case,14,1,Marketing,
D-1101,Fairhaven Technology,Services,NA East,J. Ortiz,Q1 FY27,70,4-Proposal,Pipeline,14,0,Marketing,
D-1099,Redrock IT Partners,Services,NA West,R. Patel,Q1 FY27,65,3-Solution,Pipeline,27,0,Sales,
